Bar,Average_Compound,評分,情绪预测值,地區
Arrow On Darts Club,0.4621918918918919,4.7,0.611030583232567,南港
Beer李精釀小酒館（酒館 bar craft beer),0.6663506024096386,5.0,0.6794328772836183,南港
Herbar喝吧柒號殿,0.6200812499999999,4.7,0.611030583232567,南港
Hold on Draft,0.5719,4.0,0.45142523044678007,南港
Messa michael tu,-0.028925,1.6,-0.09579312196163181,南港
Messe Bistro 魅色時尚,0.0054246153846153,1.7,-0.07299235727794806,南港
THE LOUNGE 大廳酒吧-台北六福萬怡酒店,0.5546341968911916,4.5,0.5654290538651993,南港
W9T酒等了・ 臺北流行音樂中心,0.5670132530120482,4.7,0.611030583232567,南港
串居留居酒屋（南港店）,0.6047652406417113,4.4,0.5426282891815154,南港
島厝 islandhome居酒屋,0.5749193548387097,4.4,0.5426282891815154,南港
布娜飛小酒館南港店bravocafe draftdeer,0.5494384858044163,4.7,0.611030583232567,南港
愛上日本酒 LOVE&SAKE 瓶蓋店,0.5267701754385965,4.9,0.6566321125999347,南港
武侍酒 日式居酒屋,0.5306683673469388,4.4,0.5426282891815154,南港
涓邸居酒屋,0.4738862244897959,4.2,0.4970267598141478,南港
秘密基地,0.4106393333333333,4.0,0.45142523044678007,南港
竹村居酒屋（中坡店）,0.5280650000000001,4.2,0.4970267598141478,南港
老司機居酒屋,0.480533502538071,4.2,0.4970267598141478,南港
鶺鴒葡萄酒窖 Wagtail wine cellar,0.5973588235294118,5.0,0.6794328772836183,南港
1001 nights taipei 一千零一夜 (水煙館),0.5228299999999999,4.2,0.4970267598141478,松山
115小酒館,0.5265315789473684,4.6,0.5882298185488829,松山
1998練歌房(玖伴)｜串燒 市民大道 居酒屋 餐酒館 熱炒店,0.7781,4.9,0.6566321125999347,松山
56 diner,0.4658666666666666,5.0,0.6794328772836183,松山
8id studio,0.5605909090909091,4.7,0.611030583232567,松山
an58歐陸小酒館,0.6490792114695341,4.6,0.5882298185488829,松山
bar mood taipei 吧沐,0.6852449567723343,4.4,0.5426282891815154,松山
black bottle,0.6098985294117646,4.7,0.611030583232567,松山
bn inn 酒坊,0.6254854166666667,4.9,0.6566321125999347,松山
book ing 東區店｜東區推薦酒吧、聚餐、約會餐酒館,0.79985,4.8,0.6338313479162506,松山
bottless 非瓶,0.720414121037464,4.5,0.5654290538651993,松山
cantine marais｜瑪黑餐酒 敦南店,0.7015904605263158,4.5,0.5654290538651993,松山
china pa dining & live music 中國父,0.5807607594936709,4.5,0.5654290538651993,松山
chinatown taipei,0.6112697674418605,4.9,0.6566321125999347,松山
cloud shisha bar （水煙酒吧）,0.6571878787878788,4.8,0.6338313479162506,松山
comingbistro｜台北餐酒館推薦調酒吧,0.7881476923076924,5.0,0.6794328772836183,松山
coya taipei,0.72088,4.8,0.6338313479162506,松山
dancing elephant wine bar 跳舞大象葡萄酒專賣,0.5502361702127659,4.6,0.5882298185488829,松山
draft land,0.5722506024096385,4.6,0.5882298185488829,松山
east end,0.6118188811188812,4.4,0.5426282891815154,松山
enjoy matheson bar享受洋行,0.5983729729729731,4.7,0.611030583232567,松山
f gallery by a train,0.611840562248996,4.3,0.5198275244978315,松山
fifth floor .伍樓.,0.5266859649122807,4.9,0.6566321125999347,松山
fourplay cuisine,0.6404005882352941,4.3,0.5198275244978315,松山
fulbar,0.6594006211180125,4.9,0.6566321125999347,松山
half cup 半杯,0.7116244094488189,4.9,0.6566321125999347,松山
histoire 隅意,0.6761543352601156,4.8,0.6338313479162506,松山
honn bar 酒吧,0.6845064285714286,4.7,0.611030583232567,松山
intention,0.7994713888888889,4.9,0.6566321125999347,松山
jn lounge bar,0.6212412698412698,5.0,0.6794328772836183,松山
joker bar & bistro,0.5000826446280993,4.3,0.5198275244978315,松山
juju spanish gastrobar,0.6812281524926687,4.6,0.5882298185488829,松山
kor taipei,0.6410477777777778,4.6,0.5882298185488829,松山
landed,0.7432133333333332,4.9,0.6566321125999347,松山
long island 長島小酒館,0.6899636363636363,4.9,0.6566321125999347,松山
m o. bar,0.6141666666666666,4.5,0.5654290538651993,松山
maybe music bar,0.5505977099236641,4.5,0.5654290538651993,松山
midway,0.6024794117647057,4.7,0.611030583232567,松山
muu bar 水煙 shisha 酒吧,0.6378559829059829,4.9,0.6566321125999347,松山
muu shisha lab 水煙教學 ｜調酒教學 ｜場地租借(此點為辦公室餐廳在東區),0.81828,5.0,0.6794328772836183,松山
my other place restaurant &bar 我的家餐廳酒吧,0.7892699999999999,4.5,0.5654290538651993,松山
nep. lounge bar,0.5854513071895425,4.4,0.5426282891815154,松山
old leather老皮衣葡萄酒館,0.6715227053140097,4.7,0.611030583232567,松山
on tap,0.5588497222222222,4.2,0.4970267598141478,松山
originbar 初 ｜大安餐酒館 東區酒吧 法式小酒館 茶酒,0.7322124277456648,4.9,0.6566321125999347,松山
originbar 源 ｜松山區餐酒館 松山酒吧 歐式鄉村酒吧 小巨蛋,0.7808166666666666,4.9,0.6566321125999347,松山
pauses burger bar 暫停漢堡,0.5906089655172414,4.6,0.5882298185488829,松山
posino taipei,0.7041241666666667,5.0,0.6794328772836183,松山
rockers cafe & bar 復古美式咖啡酒吧,0.6036933333333334,4.6,0.5882298185488829,松山
sofa sofar,0.5650826666666666,4.7,0.611030583232567,松山
step one taipei ｜東區｜水煙｜酒吧｜餐酒館｜調酒｜,0.6470419913419914,5.0,0.6794328772836183,松山
the house taipei 屋內,0.6133305084745765,4.8,0.6338313479162506,松山
tipsy dragon bar,0.7102312500000001,4.8,0.6338313479162506,松山
to infinity & beyond,0.595995744680851,4.5,0.5654290538651993,松山
under lab,0.6248797385620916,4.6,0.5882298185488829,松山
wa-shu 和酒,0.5626270588235295,4.5,0.5654290538651993,松山
waaaa－台北 松山 餐酒館推薦｜特色酒吧｜朋友聚會｜包場服務｜場地租借｜調酒吧,0.6490814049586776,4.8,0.6338313479162506,松山
you&me牛肉麵bar,0.5803760869565218,4.2,0.4970267598141478,松山
一号基地｜台北松山居酒屋｜慶城店 ichigoukichi,0.5394728873239436,4.7,0.611030583232567,松山
不誤正夜 nightduty taipei,0.6408996621621622,4.8,0.6338313479162506,松山
傷心酒店heartbreak club,0.5133577889447236,4.2,0.4970267598141478,松山
儂萊歌舞卡拉ok,0.2860142857142857,3.9,0.4286244657630962,松山
凝聚力音樂娛樂cohesion space,0.0350539325842696,4.7,0.611030583232567,松山
凱西雪茄館,0.603012,4.6,0.5882298185488829,松山
創鮨 · 丼飯 壽司 清酒吧,0.7668015,4.9,0.6566321125999347,松山
千層吧,0.6393779999999999,4.6,0.5882298185488829,松山
台北酒驛 turnout taipei,0.595484188034188,4.6,0.5882298185488829,松山
吉比鮮釀餐廳 - 台北敦北店 gba brewery restaurant - taipei dunbei store,0.6124524216524216,4.2,0.4970267598141478,松山
安迪酒藏 chateau andy,0.5493965517241378,4.5,0.5654290538651993,松山
延壽捌伍,0.3997111111111111,5.0,0.6794328772836183,松山
弎樓thirdfloor,0.6675086419753087,4.2,0.4970267598141478,松山
弦音卡拉ok,0.5207727272727273,4.1,0.4742259951304638,松山
拆火車 trainstalling 小酒館,0.505568,4.8,0.6338313479162506,松山
櫥窗 live & restaurant,0.4695133333333334,4.0,0.45142523044678007,松山
派對走掉 酒品信用合作社 partyexit beer shop,0.78514,4.8,0.6338313479162506,松山
渣男 taiwan bistro 敦北三渣,0.5780744985673352,4.7,0.611030583232567,松山
異塵cellar lounge bar,0.6077018518518519,4.8,0.6338313479162506,松山
祈駑南（cinunan）原住民餐酒館(酒吧）,0.6354713114754099,4.9,0.6566321125999347,松山
莉莎精緻卡拉ok,0.5601700000000001,4.7,0.611030583232567,松山
西班牙小酒館,0.6574580071174377,4.3,0.5198275244978315,松山
覓 trovin 餐酒館,0.6731017699115044,4.9,0.6566321125999347,松山
角落酒吧the corner one,0.4976539325842696,4.2,0.4970267598141478,松山
貓 嗑睡 cat nap,0.6858673469387755,4.7,0.611030583232567,松山
貓下去敦北俱樂部,0.6277335365853658,4.1,0.4742259951304638,松山
買酒網 小巨蛋門市,0.4513076271186441,5.0,0.6794328772836183,松山
酒塞子酒坊,0.5461619047619047,4.8,0.6338313479162506,松山
金夫人美式居酒屋,0.4478328947368421,4.0,0.45142523044678007,松山
閑閑餐酒館 yinyin bistro,0.6460967741935484,4.5,0.5654290538651993,松山
青樓中式餐酒館,0.5851115384615384,4.7,0.611030583232567,松山
ｗonder bar,0.5964331081081081,4.5,0.5654290538651993,松山
2020 cocktail&drinks,0.4886083333333333,4.6,0.5882298185488829,中正
89 Loop Sports Bar,0.6825022598870057,4.9,0.6566321125999347,中正
AL CICCHETTO HUASHAN BISTRO義麵坊華山小酒吧(餐酒館｜義大利麵｜調酒｜生啤酒｜葡萄酒),0.557522429906542,4.4,0.5426282891815154,中正
Another Brick,0.6703399999999999,4.7,0.611030583232567,中正
ASA,0.2092536585365853,3.9,0.4286244657630962,中正
Azeroth Bar,0.63745,5.0,0.6794328772836183,中正
BAR FEST,0.6704723214285714,4.9,0.6566321125999347,中正
Bar M,0.5370779116465864,4.5,0.5654290538651993,中正
Bar THY 桃花源,0.7187350299401197,4.9,0.6566321125999347,中正
Bertha Irish Bar _ 公館酒吧 愛爾蘭 BAR 啤酒 調酒推薦 人氣酒吧推薦,0.5922375,4.9,0.6566321125999347,中正
B Line by A Train,0.7204623853211009,4.6,0.5882298185488829,中正
Bouti Bar Taipei - 璞邸旅店1F _北車精釀_瓶裝啤酒,0.59131,4.5,0.5654290538651993,中正
BUDA 好運豬酒吧Taproom & Wine,0.6776990521327015,4.8,0.6338313479162506,中正
Buono 享味生活 (台電大樓 師大 葡萄酒 精釀啤酒 自然葡萄酒 ),0.44835,4.7,0.611030583232567,中正
Hello Taipei Sport Space,0.4943988165680472,4.5,0.5654290538651993,中正
HI NE NI,0.6838727272727271,4.9,0.6566321125999347,中正
HIPP 喜寶棧 - 咖啡酒館 & 貓旅館 每天營業 月底店休11月25_26日 CAFE BAR & CAT HOTEL,0.7235469767441861,5.0,0.6794328772836183,中正
Incoming bar,0.6283410256410256,4.5,0.5654290538651993,中正
Jolly 手工釀啤 酒泰食餐廳-衡陽店,0.6327372781065089,4.2,0.4970267598141478,中正
JupJup 精釀生啤餐酒館,0.6863505555555556,4.4,0.5426282891815154,中正
Learn Bar 學吧精釀,0.6100722222222223,4.7,0.611030583232567,中正
LOCA Coffee&Wine,0.61545,4.6,0.5882298185488829,中正
Miss Strega Cafe & Bar 義大利女巫咖啡酒吧,0.5948299435028249,4.4,0.5426282891815154,中正
Mixtio 秘地｜咖啡.排餐.啤酒.餐酒館.商務.辦公｜不限時插座.包廂.76人場地租借.中正區美食,0.6469140350877193,4.5,0.5654290538651993,中正
NAKA Taipei,0.6269298136645962,4.7,0.611030583232567,中正
No.82 Drawing room(82號客廳）,0.4879791666666667,4.8,0.6338313479162506,中正
Power Beef 日式烤牛肉飯小酒館,0.5421927152317881,4.1,0.4742259951304638,中正
Prozac Balcony 百憂解陽台,0.5826616740088106,4.6,0.5882298185488829,中正
R8 Metro Bar - R8捷運輕食吧,0.48372,4.6,0.5882298185488829,中正
RainbowGym 彩虹健身房 公館健身房 健身酒吧,0.6124075,4.9,0.6566321125999347,中正
Revolver,0.4734573816155989,4.3,0.5198275244978315,中正
SipSip Bar & Restaurant,0.5587514563106796,4.3,0.5198275244978315,中正
Staff Only Club,0.5808534693877551,4.4,0.5426282891815154,中正
SUNMAI BAR 中正 R8,0.516059493670886,5.0,0.6794328772836183,中正
Taipei Alcohol Exchange Kaffe 台北酒精交易所,0.78634,4.6,0.5882298185488829,中正
The Misanthrope Society 厭世會社｜Cafe Bistro Bookstore,0.631364344262295,4.6,0.5882298185488829,中正
The Primrose(Bar春花),0.6833860377358492,4.6,0.5882298185488829,中正
The Shrine,0.5362401360544218,4.4,0.5426282891815154,中正
Whisky Salon (台灣第一家Japanese Whisky Bar),0.687495,5.0,0.6794328772836183,中正
WHOOSAH.,0.4211973529411764,4.2,0.4970267598141478,中正
Wink1號店,0.63337969348659,4.9,0.6566321125999347,中正
メロメロ MeloMelo Cafe&bar,0.5093510638297873,4.4,0.5426282891815154,中正
三重奏比特司 Trio bitters,0.6271276,4.4,0.5426282891815154,中正
二丁目 - Taipei,0.5026125,4.4,0.5426282891815154,中正
作 SAKU by necoichi,0.3167,5.0,0.6794328772836183,中正
公館45 Old Bar Coffee,0.4178071641791044,4.1,0.4742259951304638,中正
劑院 Dose cuisine & malt,0.5797477419354838,4.5,0.5654290538651993,中正
北風北_古亭酒吧,0.6133572139303483,4.6,0.5882298185488829,中正
台北喜來登大飯店 - 大廳酒吧 The Lounge,0.42014,4.2,0.4970267598141478,中正
喜咧,0.6272526315789474,5.0,0.6794328772836183,中正
土貓商號 Turkish Kedi,0.5479362637362638,4.6,0.5882298185488829,中正
小公館咖啡 精釀啤酒,0.3930362162162162,3.9,0.4286244657630962,中正
小地方seams,0.5915774774774775,4.7,0.611030583232567,中正
小屋shisha,0.74868,5.0,0.6794328772836183,中正
怪咖屋THE WACKO HOUSE Brunch & Bar,0.67435625,5.0,0.6794328772836183,中正
拉圖爾精釀柴燒餐廳 La Tour Craft Beer & Wood Grill,0.7136611486486487,4.6,0.5882298185488829,中正
渣男Taiwan Bistro古亭四渣,0.5687190615835777,4.7,0.611030583232567,中正
澗面小酒館 Bar & Bistro,0.7762093023255815,5.0,0.6794328772836183,中正
無意義,0.7616545000000001,4.9,0.6566321125999347,中正
燕子愛紅酒Yan's Wine,0.7672499999999998,4.8,0.6338313479162506,中正
窖父 Hide Out,0.4430043243243244,4.3,0.5198275244978315,中正
純愛小吃部,0.4992143442622951,4.2,0.4970267598141478,中正
維都餐酒館｜啤酒｜調酒｜生啤塔（公館店）,0.6068540322580644,4.7,0.611030583232567,中正
老同安小酒館,0.5611745192307692,4.3,0.5198275244978315,中正
老屁股,0.5733773333333334,4.7,0.611030583232567,中正
艾萃咖啡 VR BAR,0.6364645161290322,4.8,0.6338313479162506,中正
草頭西,0.5674499999999999,4.5,0.5654290538651993,中正
華山町餐酒館,0.562828870292887,4.3,0.5198275244978315,中正
西門暖閣餐酒館／waroom Restaurant Bar,0.6050190839694656,4.9,0.6566321125999347,中正
言文字 Emoji Cafe & Bar｜數位工作者聚落 The Digital Tribe,0.6397953488372093,4.8,0.6338313479162506,中正
酒販角落,0.545968,4.8,0.6338313479162506,中正
金色三麥,0.5340374999999999,4.9,0.6566321125999347,中正
錢記披薩 cash's bar & pizza,0.5324428571428571,4.1,0.4742259951304638,中正
防空洞 bomb shelter 華山店,0.5082019047619047,4.6,0.5882298185488829,中正
離騷 Bar & Bistro,0.7234845454545455,4.8,0.6338313479162506,中正
黑帽爵士咖啡酒吧 BlackHatJazz cafe & Bar 西區推薦｜西區餐酒｜西區酒吧｜西區餐廳｜約會｜聚餐｜包場,0.710075744680851,4.8,0.6338313479162506,中正
AGUSTO義式餐酒館Since2007｜聚餐包場 慶生約會 美食推薦｜餐廳 內科西湖店,0.6832119402985074,4.7,0.611030583232567,內湖
ASH Darts Bistro 灰燼飛鏢餐酒館,0.6517200000000001,4.8,0.6338313479162506,內湖
Chillax Beer Bar,0.5970647058823529,4.8,0.6338313479162506,內湖
COOLER BAR,0.5985742424242424,4.7,0.611030583232567,內湖
fifthfloor_minibar,0.5371625,5.0,0.6794328772836183,內湖
Firance,0.7307769230769231,4.8,0.6338313479162506,內湖
GUMGUM Not Only Beer & Wings 雞翅啤酒吧-內科店,0.6980051792828685,4.6,0.5882298185488829,內湖
Jolly手工釀啤 酒泰食餐廳-內湖店,0.5334264604810997,4.1,0.4742259951304638,內湖
Lazy Point Restaurant & Bar,0.6361946666666667,4.3,0.5198275244978315,內湖
Mori House,0.5574293103448276,4.3,0.5198275244978315,內湖
Prestige House,0.7318583333333333,5.0,0.6794328772836183,內湖
TG BISTRO,0.9038200000000002,4.7,0.611030583232567,內湖
the Weekend Nights _ 內湖港墘酒吧,0.6312149606299212,4.9,0.6566321125999347,內湖
WilsonPark 威爾森公園 （餐酒館餐廳）,0.7041824324324325,4.7,0.611030583232567,內湖
串鼓 串燒酒吧,0.5709738095238096,4.4,0.5426282891815154,內湖
凱得利餐坊,0.34635,4.2,0.4970267598141478,內湖
太鼓判 ODEN BAR,0.5734135761589405,4.3,0.5198275244978315,內湖
康拓洋行 內湖店,0.61790987654321,4.8,0.6338313479162506,內湖
愛葡悅飲酒藏,0.6728333333333335,5.0,0.6794328772836183,內湖
掌門精釀啤酒 內湖店,0.5531690987124465,4.6,0.5882298185488829,內湖
搏感情,0.5846748091603053,4.9,0.6566321125999347,內湖
梨渦,0.5721253012048192,4.8,0.6338313479162506,內湖
武郎藤 大眾酒場 居酒屋,0.5462861386138614,4.3,0.5198275244978315,內湖
水星球潛水餐廳酒吧,0.4009124999999999,4.1,0.4742259951304638,內湖
無尽蔵居酒屋（無盡藏）文德店,0.6092728033472803,4.4,0.5426282891815154,內湖
熟客 soker,0.6895870967741936,4.9,0.6566321125999347,內湖
笙揚,0.6655000000000001,4.2,0.4970267598141478,內湖
綻1852 餐酒 內湖店STEAK & LOBSTER,0.6024164,4.3,0.5198275244978315,內湖
荖藤酒窖,0.4412169491525424,4.6,0.5882298185488829,內湖
貳酒零飛鏢酒吧,0.5167190476190475,4.9,0.6566321125999347,內湖
買酒網內湖門市,0.4780847222222222,4.6,0.5882298185488829,內湖
迷人会,0.8073866666666666,4.8,0.6338313479162506,內湖
酌屋,0.5536347417840375,4.4,0.5426282891815154,內湖
酒咖 運動飛鏢酒吧,0.53878,3.9,0.4286244657630962,內湖
酒訪 Vin37 wine cellar 內湖民權店,0.55895,5.0,0.6794328772836183,內湖
陳三Chen_3 Bistro,0.6766598639455782,4.8,0.6338313479162506,內湖
飯BAR 內湖創始店,0.6161816770186336,4.4,0.5426282891815154,內湖
鳥居町日料居酒屋（東湖店),0.4676559859154929,4.7,0.611030583232567,內湖
196 Bar,0.7826121212121212,5.0,0.6794328772836183,信義
ABV Bar & Kitchen 加勒比海餐酒館 台北忠孝店 大安區美食 大安區餐酒館 異國料理烤肉｜中南美洲菜｜聚餐宵夜包場｜精釀啤酒餐廳,0.6899945868945869,4.6,0.5882298185488829,信義
A Glass or Two,0.700375,4.6,0.5882298185488829,信義
Alchemy Bar Taipei,0.5636327272727273,4.4,0.5426282891815154,信義
A Light,0.5611830985915494,4.4,0.5426282891815154,信義
attic trade company,0.6838573684210526,4.8,0.6338313479162506,信義
BAR24,0.4416076923076922,4.7,0.611030583232567,信義
Barcode,0.4869808306709265,4.3,0.5198275244978315,信義
Bar Crouch & Hide 臥藏,0.6721906666666665,4.8,0.6338313479162506,信義
Bar Digout,0.5003542553191489,4.4,0.5426282891815154,信義
Bar Edge,0.6744439024390243,5.0,0.6794328772836183,信義
BAR HINOKI,0.6581537313432836,4.9,0.6566321125999347,信義
Bar Root by -1,0.5387080568720378,4.4,0.5426282891815154,信義
Bar Weekend,0.648433870967742,4.6,0.5882298185488829,信義
Bar 浮,0.5310642857142858,4.4,0.5426282891815154,信義
"Bibber Dessert Bar · 酒徒的點心店 by Vivid Hermit Saloon Co., Ltd",0.6691606837606836,4.8,0.6338313479162506,信義
BLAH BLAH Bar,0.480190909090909,4.1,0.4742259951304638,信義
Buns Cafe,0.6845333333333334,5.0,0.6794328772836183,信義
Charlie's Sports Bar Taipei,0.5961162162162161,4.7,0.611030583232567,信義
CHICKEN BAR _ TAIPEI,0.5253260869565217,4.9,0.6566321125999347,信義
Church Taipei,0.5764018957345971,4.2,0.4970267598141478,信義
Church Taipei,0.5764018957345971,4.2,0.4970267598141478,信義
Circle Gallery Bar 藝廊酒吧,0.5962133333333333,4.7,0.611030583232567,信義
Club Myst,0.3190279069767441,4.0,0.45142523044678007,信義
Crowd Night _ 台北酒吧 _ 信義區酒吧 _ 台北talkin bar _ 信義區talking bar _ 台北餐酒館 _ 信義區餐酒館,0.6437791666666667,4.9,0.6566321125999347,信義
Draft Land XinYi,0.462420704845815,4.4,0.5426282891815154,信義
Drunk Play 爛醉不累,0.5236725099601593,4.0,0.45142523044678007,信義
ENI.放感情信義ATT店,0.5282833333333333,5.0,0.6794328772836183,信義
Escape Bar｜台北酒吧｜信義區酒吧｜台北餐酒館｜信義區餐酒館｜台北信義區B,0.6070101449275362,4.7,0.611030583232567,信義
Fake Sober Taipei,0.5260558052434456,4.5,0.5654290538651993,信義
Fancy Hip Tiger Bar (Outside),0.47377,4.4,0.5426282891815154,信義
Find Alley,0.5455183098591548,4.8,0.6338313479162506,信義
Flare Taipei,0.640563440860215,4.7,0.611030583232567,信義
FRANK Taipei,0.4163352024922118,3.9,0.4286244657630962,信義
Frontline Bar & Restaurant,0.5761698529411765,4.8,0.6338313479162506,信義
GREY ME 瑰秘。茶酒.信義區餐酒館.晚餐宵夜美食.特色浮誇調酒.聚餐包場.投影餐廳.信義區餐廳推薦.大安區餐廳推薦,0.6514977168949772,4.4,0.5426282891815154,信義
GUM GUM雞翅啤酒吧,0.7720475218658892,4.6,0.5882298185488829,信義
IKON Taipei,0.2755097058823529,3.9,0.4286244657630962,信義
IMAGE INHOUSE,0.4661858333333333,4.5,0.5654290538651993,信義
Kalopsia,0.58563,4.9,0.6566321125999347,信義
KOR Taipei,0.6409877777777778,4.6,0.5882298185488829,信義
Les Muses Wine House,0.6737012345679012,4.9,0.6566321125999347,信義
Luana Wine Cafe,0.6343277777777777,4.6,0.5882298185488829,信義
MADE Paris _東區酒吧_美食酒吧_台北熱門酒吧_特色酒吧_餐酒館,0.671193085106383,4.6,0.5882298185488829,信義
MQ - Marquee Taipei,0.4700083018867924,4.2,0.4970267598141478,信義
MUIM Taipei 放感情｜ 大安餐酒館推薦 人氣DJ酒吧 網美餐廳 酒吧 活動派對 生日包場 企業包場餐酒館,0.6520459064327486,4.8,0.6338313479162506,信義
ND.Official Nadarrach,0.6811288590604027,4.7,0.611030583232567,信義
Needle Bar,0.6410271604938271,4.6,0.5882298185488829,信義
NIHONSHU Sake Space台北清酒吧,0.638385294117647,5.0,0.6794328772836183,信義
OFF GRID SHISHA _ CAFE & BAR _ TAIPEI,0.6741231884057971,5.0,0.6794328772836183,信義
ONCOR 響艷都市會所 信義店,0.6153738028169013,4.9,0.6566321125999347,信義
Opium Champagne Bar,0.66295,4.3,0.5198275244978315,信義
Otherside Taipei 另一邊,0.6548068376068376,4.8,0.6338313479162506,信義
Ounce,0.5562857142857143,4.5,0.5654290538651993,信義
OXI Oyster & Wine Live House,0.6836872852233679,4.9,0.6566321125999347,信義
PLAYING Hookah,0.5390725490196079,4.4,0.5426282891815154,信義
Posino Taipei,0.7042111111111111,5.0,0.6794328772836183,信義
PUN,0.6651218120805369,4.5,0.5654290538651993,信義
Range Bistrokaya鐵板廚房餐廳,0.6652799418604652,4.8,0.6338313479162506,信義
Reset Shisha Lounge,0.613234375,4.7,0.611030583232567,信義
Sandalwood Taipei,0.5612763157894737,4.4,0.5426282891815154,信義
SEA TO SKY - Seafood&Bar,0.6650603703703704,4.2,0.4970267598141478,信義
Shisha屋Matchill,0.677026213592233,4.9,0.6566321125999347,信義
Sidebar,0.6251523131672598,4.6,0.5882298185488829,信義
Sleep No More,0.4641132978723404,4.3,0.5198275244978315,信義
SunDay酉日咖啡吧,0.7097917475728155,4.8,0.6338313479162506,信義
Taipei Club 台北夜店,0.5883145299145299,4.8,0.6338313479162506,信義
tei by OBOND,0.5728966666666667,4.3,0.5198275244978315,信義
The Bed Xinyi Shisha Bar & Live House,0.6195842105263157,5.0,0.6794328772836183,信義
The Public House,0.6420539473684211,4.5,0.5654290538651993,信義
Tickle my fantasy,0.2568026470588235,3.1,0.24621834829362566,信義
TIPSY Sparrow,0.5236535211267606,4.4,0.5426282891815154,信義
Twilight 餐酒館｜大安區酒吧｜信義安和酒吧｜,0.7098723502304148,4.8,0.6338313479162506,信義
Under Construction Cafe & Bar 施工中咖啡吧,0.6503,4.7,0.611030583232567,信義
unDer lab,0.625381045751634,4.6,0.5882298185488829,信義
UNO Taipei _ 🇲🇽Mezcal梅茲卡Bar,0.6261531250000001,4.8,0.6338313479162506,信義
WAT,0.5963932432432433,4.7,0.611030583232567,信義
WOOBAR,0.5604405750798722,4.3,0.5198275244978315,信義
W Taipei WET 池畔酒吧,0.5718083333333334,4.5,0.5654290538651993,信義
WTNC,0.4471749999999999,4.4,0.5426282891815154,信義
XD－Bar,0.5906961672473867,5.0,0.6794328772836183,信義
YEN Bar 紫艷酒吧,0.6290388888888889,4.5,0.5654290538651993,信義
丘香Sake bar,0.6666099337748344,4.7,0.611030583232567,信義
交易吧 Just Exchange Bar,0.6555970930232558,4.9,0.6566321125999347,信義
佐吧,0.6528675213675214,5.0,0.6794328772836183,信義
來吧台北日式餐酒館-酒吧調酒暢飲 taipeibar 約會餐廳 必訪信義區酒吧 PTT Dcard 台北酒吧 台北餐酒館 taipeifood 國父紀念館酒吧 國父紀念館餐酒館 大安酒吧 信義區餐酒館 信義區暢飲,0.6556490963855421,4.9,0.6566321125999347,信義
冒險者公會 The A.G's Bar,0.6746010152284264,4.8,0.6338313479162506,信義
午后 Afternoon Delight,0.6974723163841807,4.7,0.611030583232567,信義
去憂餐酒館 Chill Bistro & Bar,0.6410154471544716,4.6,0.5882298185488829,信義
台北艾麗酒店 大廳酒吧,0.5020262672811061,4.3,0.5198275244978315,信義
吉比鮮釀餐廳 台北信義店 GBA Brewery Restaurant - Taipei Hsinyi Store,0.6210294943820225,4.3,0.5198275244978315,信義
啜飲室,0.5321706214689266,4.5,0.5654290538651993,信義
如夢 ｜嘻哈酒吧｜KTV吧檯｜小米酒調酒,0.5547963855421687,4.9,0.6566321125999347,信義
安慰劑 Placebo Taipei,0.5984180064308682,4.3,0.5198275244978315,信義
小後苑Backyard Jr. (信義Xinyi),0.5796178321678321,4.2,0.4970267598141478,信義
微型精釀啤酒吧Beer Geek,0.6170077551020408,4.6,0.5882298185488829,信義
掌門精釀啤酒Tap Bistro Zhangmen - 微風松高店,0.4930234432234431,4.0,0.45142523044678007,信義
桃源二村｜ 台北大安 六張犁餐酒館 調酒BAR 人氣美食 牛肉麵雞湯 嘻哈 音樂酒吧 特色酒吧推薦 寵物友善,0.5294830985915492,4.6,0.5882298185488829,信義
榕 RON Xinyi,0.6018752542372882,4.5,0.5654290538651993,信義
海灘叢林 A Beach,0.7327722433460075,4.5,0.5654290538651993,信義
渣男 Taiwan Bistro 信義一渣,0.59222944606414,4.7,0.611030583232567,信義
濪 Ｍizuiro Sake Bar,0.6446403508771928,4.8,0.6338313479162506,信義
無向 Bar Without Anhe,0.6175004032258066,4.6,0.5882298185488829,信義
琥珀蜂巢,0.6448909090909091,4.3,0.5198275244978315,信義
綠洲信義 The Oasis Tavern Xinyi,0.6910620253164557,4.8,0.6338313479162506,信義
綺夢 Lounge Bar,0.5144073394495412,4.6,0.5882298185488829,信義
羊吧 Sheep Bar（入內請按黑色電鈴）,0.6479167785234898,4.9,0.6566321125999347,信義
肴合清酒 Signature Bar （時間如有更動，以FB粉專、IG公告為主，16～18為預約制）,0.5824921985815603,4.9,0.6566321125999347,信義
討酒吧 Tao jiu bar (松山文創風格店家）,0.74385625,4.7,0.611030583232567,信義
討酒吧 Tao jiu bar (松菸設計點店),0.7034571428571429,4.9,0.6566321125999347,信義
週末炸雞俱樂部 WEEKEND CHICKEN & BAR _ 台北,0.5400493464052287,4.3,0.5198275244978315,信義
酒樂CAFE,0.1718818505338078,3.1,0.24621834829362566,信義
隱世餐酒館(台北永春店),0.6495408,4.6,0.5882298185488829,信義
隱城•小城外Hidden City,0.611248780487805,4.6,0.5882298185488829,信義
9th Sense Bar 第酒感 餐酒館｜酒吧,0.7020398058252427,4.5,0.5654290538651993,大同
AKA QUANDO BAR,0.5347833333333334,4.5,0.5654290538651993,大同
Antique Bar 1900,0.6616167597765363,4.9,0.6566321125999347,大同
Bar Emperor,0.6825259615384615,4.6,0.5882298185488829,大同
BarWay,0.7111792207792207,4.9,0.6566321125999347,大同
Bitter Burro Cocktail Bar,0.6555117056856187,4.9,0.6566321125999347,大同
Bookbar1920s,0.5014113636363636,4.6,0.5882298185488829,大同
Book ing 中山店｜中山大同區推薦酒吧、聚餐、約會餐酒館,0.6993021739130435,4.9,0.6566321125999347,大同
Corner Sip 角啜,0.6835086956521738,5.0,0.6794328772836183,大同
dixielane 迪士巷咖啡,0.6471695906432748,4.8,0.6338313479162506,大同
Floating Taipei_漂浮台北,0.4943134615384614,4.4,0.5426282891815154,大同
Hers & His Lounge Bar 她_他,0.6536189075630253,5.0,0.6794328772836183,大同
Intox,0.5662086642599279,4.5,0.5654290538651993,大同
Isotope bar同位素酒吧,0.7301055319148936,4.9,0.6566321125999347,大同
Kuro 庫羅,0.5329599999999999,3.3,0.29181987766099327,大同
Le Wine Bar,0.7011702380952382,5.0,0.6794328772836183,大同
Mikkeller Taipei 米凱樂啤酒吧,0.6202120786516854,4.4,0.5426282891815154,大同
Moonwell Bar&Bistro _ 中山老宅酒吧 人氣餐酒館 調酒酒吧推薦 中山美食餐廳 茶酒地酒 創意料理 約會包場餐酒館,0.6990113636363636,4.8,0.6338313479162506,大同
Nearby Cafe 附近咖啡,0.6324153110047848,4.5,0.5654290538651993,大同
NEON CAFE`& BAR 霓光咖啡&酒吧,0.4191853333333333,3.9,0.4286244657630962,大同
Nowhere Taipei 墨西哥餐酒館,0.7062555891238671,4.9,0.6566321125999347,大同
Salon et Tutu 酴塗小酒館,0.7502895522388059,4.9,0.6566321125999347,大同
SOUL MATE BAR,0.6488884057971014,4.8,0.6338313479162506,大同
Vanish Cafe & Bar,0.5523253333333334,4.6,0.5882298185488829,大同
Vault cafe & Bar,0.677215028901734,4.6,0.5882298185488829,大同
Vin Nature 45 自然埕,0.6688036697247706,4.8,0.6338313479162506,大同
WHISKY LAND 威士忌樂園,0.6821636363636363,4.8,0.6338313479162506,大同
Yoi 酔,0.5613181818181818,4.9,0.6566321125999347,大同
以賽亞 יְשַׁעְיָהוּ Isaiah 咖啡廳 _ 酒吧 _ 餐酒館 _ Coffee&Bar _ 特色冷萃咖啡 _ 風味特調 _ 法式甜點 _ 精緻餐點,0.6718627118644067,4.6,0.5882298185488829,大同
友士酒之庭 USE Sake Garden,0.5840542056074767,4.8,0.6338313479162506,大同
吉姆老爹 台北大稻埕店,0.5681195121951219,4.8,0.6338313479162506,大同
四坪酒吧 Bar Si ping,0.6449720000000001,4.7,0.611030583232567,大同
家飲 TAKUSYAKU Bistro & Bar,0.6719177083333333,5.0,0.6794328772836183,大同
小城外 Bar CityNorth,0.6175062717770033,4.5,0.5654290538651993,大同
微醺花園Tipsy Garden_餐酒館_酒吧_朋友聚會_約會_宵夜_深夜美食,0.6763067448680352,4.9,0.6566321125999347,大同
微醺花園大稻埕碼頭貨櫃部_約會景點_宵夜_深夜美食_酒吧_餐酒館_,0.662924705882353,4.9,0.6566321125999347,大同
微醺蝦bar,0.62895625,4.9,0.6566321125999347,大同
打鐵町49番地 Party Team Bistro,0.4902779999999999,3.8,0.40582370107941235,大同
新串 New Trend-中山店,0.621187044534413,4.7,0.611030583232567,大同
星夜Messier 87 bar(位於二樓),0.6724154761904761,4.8,0.6338313479162506,大同
星夜 Starry night Bar,0.6722639639639639,4.7,0.611030583232567,大同
春風得意,0.6243655172413792,4.5,0.5654290538651993,大同
晉煙所 HIGHER END,0.6426247899159664,4.9,0.6566321125999347,大同
沃森茶酒館 WOSOM _ Teahouse & Bar,0.6123808510638298,4.3,0.5198275244978315,大同
渣男Taiwan Bistro 中山店,0.5532707865168539,4.5,0.5654290538651993,大同
獨樂 DoSake Bistro (2樓的清酒吧）,0.7184821621621622,4.6,0.5882298185488829,大同
獨角落Do Bar（北車店）,0.6917446902654867,4.8,0.6338313479162506,大同
玉露 YORU Bar&Bistro,0.658756923076923,5.0,0.6794328772836183,大同
發琴吧,0.5796732,4.6,0.5882298185488829,大同
窩窩藝文空間 wooo art and cultural space｜展覽｜市集｜講座｜場地租借｜咖啡｜餐飲｜酒吧,0.59945,5.0,0.6794328772836183,大同
立陶宛小酒吧Little-one Bar,0.608723076923077,4.9,0.6566321125999347,大同
蘭引堂,0.4992428571428572,4.9,0.6566321125999347,大同
處方株式會社,0.5713736263736263,4.6,0.5882298185488829,大同
角落小吧 Corner Bar 寧夏夜市020,0.4018695652173913,4.9,0.6566321125999347,大同
遷鳥陳列所-Cafe bar｜台北迪化街咖啡廳｜迪化街酒吧、古董,0.6298261410788382,4.8,0.6338313479162506,大同
酒師傅體驗館,0.5599548387096774,4.7,0.611030583232567,大同
酒食無雙,0.5239999999999999,4.4,0.5426282891815154,大同
霓裳貓咪酒吧 Cat Bar Palette,0.6219125000000001,5.0,0.6794328772836183,大同
魚塭 Steamy _ 台北調酒吧 寧夏夜市水煙館推薦,0.7279063829787235,5.0,0.6794328772836183,大同
魯蛋茶酒館-迪化,0.505975,4.4,0.5426282891815154,大同
鳴田酒舫 TomorrowWineShop,0.509435294117647,5.0,0.6794328772836183,大同
黑媽台北,0.7275853211009173,5.0,0.6794328772836183,大同
A Nook Bistro 藏匿處,0.6160513227513227,4.5,0.5654290538651993,文山
Bar Trace軌跡,0.6744270833333333,4.9,0.6566321125999347,文山
Book Bar,0.6807833333333333,5.0,0.6794328772836183,文山
Circle Bar,0.4879359649122807,4.5,0.5654290538651993,文山
DreamGo Bar咖啡廳,0.6607857142857143,4.7,0.611030583232567,文山
Hakuna Pasta 無憂義大利麵｜炸物｜精釀啤酒｜餐酒館＊營業時間以社群公告為主＊,0.6330601851851851,4.9,0.6566321125999347,文山
HOYDEA,0.3858999999999999,4.2,0.4970267598141478,文山
Mademan,0.4503008849557522,4.6,0.5882298185488829,文山
Old Bridge 飛鏢吧,0.465225,4.4,0.5426282891815154,文山
Purrson Bistro 呼嚕小酒館,0.5679916129032259,4.7,0.611030583232567,文山
Single&Double（文山特色鐵觀音梅酒、威士忌）,0.6478381395348838,5.0,0.6794328772836183,文山
Something Cafe & Bistro,0.5727105263157894,5.0,0.6794328772836183,文山
好啤氣 Temper,0.5608803030303031,4.6,0.5882298185488829,文山
尋俠堂葡萄酒鋪,0.5631287356321839,4.6,0.5882298185488829,文山
小聚苑 cafe,0.7024125748502994,5.0,0.6794328772836183,文山
山羊 GOAT bistro & cafe’,0.6097931677018634,4.6,0.5882298185488829,文山
徙巷小餐酒,0.7205850746268657,4.6,0.5882298185488829,文山
星河,0.26215,4.4,0.5426282891815154,文山
有喜居酒屋,0.7087942148760331,4.5,0.5654290538651993,文山
木柵串霸,0.4038008403361344,4.0,0.45142523044678007,文山
李氏兄弟44號餐酒館(李氏餐坊),0.6144743478260869,4.8,0.6338313479162506,文山
楓味亭,0.4019359999999999,4.0,0.45142523044678007,文山
海熊咖啡 Polar Bear_Cafe_Tea (咖啡_茶),0.6011723076923077,4.9,0.6566321125999347,文山
涂一個未來Bistro（TuTheFuture）,0.4231428571428571,4.7,0.611030583232567,文山
渣男TaiwanBistro 木柵二渣,0.6014728658536586,4.8,0.6338313479162506,文山
甩泰餐酒館,0.4620759717314487,4.6,0.5882298185488829,文山
目覺北城,0.7425628019323671,4.8,0.6338313479162506,文山
米絲阿樂局調酒專賣,0.4163423357664233,4.6,0.5882298185488829,文山
老酒霸居酒屋 景美店,0.5402129577464788,4.9,0.6566321125999347,文山
自由·之丘,0.6259560846560848,4.7,0.611030583232567,文山
茶水間全日餐飲,0.3466033333333333,4.4,0.5426282891815154,文山
菁串蔬食串燒Bar,0.6781744186046512,4.7,0.611030583232567,文山
藍曲音樂吧,0.4019,5.0,0.6794328772836183,文山
追夢輸送 居酒屋,0.6704247619047619,4.8,0.6338313479162506,文山
隱 Bistro,0.550744387755102,4.7,0.611030583232567,文山
ART BAR 藝術家的酒吧,0.6390193548387095,5.0,0.6794328772836183,北投
Kahu Craft Beer Garden - 精釀啤酒花園,0.6454932642487046,4.5,0.5654290538651993,北投
NO.4 STATION,0.6105918604651163,4.8,0.6338313479162506,北投
WXYZ酒吧,0.495677358490566,4.2,0.4970267598141478,北投
喝一杯小酒．串燒料理,0.5609416666666666,4.8,0.6338313479162506,北投
子女居酒屋,0.6945498084291188,4.7,0.611030583232567,北投
山茶花間 cafe & bistro,0.6824598130841121,4.8,0.6338313479162506,北投
布根地酒坊,0.4174857142857143,3.9,0.4286244657630962,北投
新北投飲酒店，原快樂坊,0.3219277777777777,3.6,0.36022217171204474,北投
日勝生加賀屋‧夕月BAR,0.73851,5.0,0.6794328772836183,北投
有木友咖啡吧,0.6108492957746477,5.0,0.6794328772836183,北投
深杯子概念店 La Copa Oscura,0.6787379746835444,4.9,0.6566321125999347,北投
藏馬居酒屋,0.6923543378995434,4.8,0.6338313479162506,北投
酒菜檔,0.697658695652174,4.9,0.6566321125999347,北投
雙溪碼頭河岸酒吧,0.5158,5.0,0.6794328772836183,北投
4024,0.4290879999999999,4.7,0.611030583232567,士林
ABLE音樂坊茶酒館,0.5329359375,4.7,0.611030583232567,士林
Aki matcha bar,0.7457269938650307,4.8,0.6338313479162506,士林
Ale Music Bar & Bistro,0.36439,4.7,0.611030583232567,士林
AZtec,0.5728581560283688,4.9,0.6566321125999347,士林
Bar DAD,0.5821877777777777,5.0,0.6794328772836183,士林
BOBEEB ｜Mocktail Cafe Bar & Desserts 士林夜市,0.5518642857142858,4.7,0.611030583232567,士林
Dobar 士林,0.7392673684210527,4.9,0.6566321125999347,士林
ESV Bistro,0.7020652777777777,4.9,0.6566321125999347,士林
Fiesta Restaurant & Bar,0.5404975862068966,4.1,0.4742259951304638,士林
FirePlay Taipei,0.6597356,4.6,0.5882298185488829,士林
Green Door（綠門）LoungeBar,0.3493507246376812,4.2,0.4970267598141478,士林
HangOut Cocktail Bar,0.5756741071428573,4.6,0.5882298185488829,士林
INFINITY .Yes Lounge,0.6382870466321244,4.7,0.611030583232567,士林
Irene's Lounge,0.3569182795698924,3.8,0.40582370107941235,士林
JAMEI CHEN ‧ 另空間 Dialogue,0.4056073170731707,4.1,0.4742259951304638,士林
Lili,0.4558128787878788,4.0,0.45142523044678007,士林
Mio Vino Wine & Cookie,0.7945769230769232,5.0,0.6794328772836183,士林
Modism Muses 摩德年代繆斯餐酒館,0.6764326693227092,4.1,0.4742259951304638,士林
modism muses 繆斯餐酒館,0.9411333333333332,3.7,0.3830229363957286,士林
Noobtent菜鳥營地,0.6215934931506849,4.8,0.6338313479162506,士林
Patio Gourmet Burgers & Craft Beer,0.495525,4.3,0.5198275244978315,士林
Quench Bar,0.504673076923077,4.9,0.6566321125999347,士林
R bar 逸庭,0.6020194285714285,4.6,0.5882298185488829,士林
Sea Cup Island 美式餐酒館 Bistro & Bar（寵物友善餐廳_酒吧推薦_士林酒吧_包場慶生聚會餐廳）,0.65541452991453,4.6,0.5882298185488829,士林
Simplebar 簡單吧。,0.6210200000000001,4.6,0.5882298185488829,士林
The Lasagna Bar 千層吧(天母店),0.5991657303370787,4.4,0.5426282891815154,士林
The Pita Bar Taipei,0.5741209677419356,4.5,0.5654290538651993,士林
TimeBeer 士林店,0.0,5.0,0.6794328772836183,士林
wake up bar 酒吧,0.7306268656716418,4.9,0.6566321125999347,士林
Wine Dot 酒點葡萄酒專賣,0.7043631578947369,5.0,0.6794328772836183,士林
Wonder.land 仙境,0.6637041237113402,4.1,0.4742259951304638,士林
YMD.cocktail,0.591480198019802,5.0,0.6794328772836183,士林
Zcat Bar 天母酒吧_士林酒吧_必吃餐酒館_網美餐酒館_音樂酒吧_運動酒吧,0.7158555555555555,4.7,0.611030583232567,士林
五二Bar&Bistro 餐酒館,0.5136825,4.5,0.5654290538651993,士林
光隱 INROOM,0.6411316666666667,4.6,0.5882298185488829,士林
嗜酒,0.524990625,4.6,0.5882298185488829,士林
士林放感情｜ 士林餐酒館 人氣美食 酒吧推薦 士林調酒 BAR 網美必吃 西式餐酒館 宵夜美食餐廳 聚餐聚會酒吧 士林夜市,0.6363063218390805,4.8,0.6338313479162506,士林
多桑串燒居酒屋,0.4758014563106796,4.0,0.45142523044678007,士林
夜色CLUB,0.5232857142857142,4.7,0.611030583232567,士林
大俠請留步,0.6197560117302052,4.8,0.6338313479162506,士林
大村武串燒居酒屋-士林店,0.5955766016713092,4.8,0.6338313479162506,士林
大鶴青田 炭火居酒屋 士林店-Orion暢飲中,0.5922640926640925,4.8,0.6338313479162506,士林
好吧,0.5715355072463768,4.8,0.6338313479162506,士林
早吧 Morning Bar,0.5127445086705202,4.5,0.5654290538651993,士林
晁日Creative panini,0.6580106060606059,4.6,0.5882298185488829,士林
月里小酌 串燒居酒屋,0.668472602739726,4.8,0.6338313479162506,士林
朝 asa,0.4202259259259259,4.0,0.45142523044678007,士林
柒息地串燒居酒屋士林店,0.5727852777777778,4.9,0.6566321125999347,士林
榕 RON,0.5691450310559006,4.3,0.5198275244978315,士林
比酒嗜啡 Bidwine,0.342575,4.1,0.4742259951304638,士林
洋房,0.4002833333333333,4.1,0.4742259951304638,士林
浪漫印象 Live Music Brunch_Bar (現場音樂 早午餐_酒吧),0.8353571428571429,5.0,0.6794328772836183,士林
渣男Taiwan Bistro《天母八渣》,0.5654062130177515,4.8,0.6338313479162506,士林
紅蕃海鮮啤酒屋,0.4440068421052631,4.2,0.4970267598141478,士林
蔦燒日式居酒屋-士林店,0.5976974921630094,4.8,0.6338313479162506,士林
託夢玩具Bar .士林必去酒吧 (老玩具 .調酒 啤酒 ）,0.5651301310043668,4.9,0.6566321125999347,士林
追夢人迪斯可｜士林,0.7047143540669857,4.9,0.6566321125999347,士林
醉痞廚房,0.6092236842105264,4.7,0.611030583232567,士林
醺Two British Bar,0.5932742857142858,4.8,0.6338313479162506,士林
金手套Golden’s Bar _ 老美式酒吧,0.5504175438596491,4.9,0.6566321125999347,士林
餓酒餐酒館,0.7232783505154637,4.9,0.6566321125999347,士林
馨亞 Le Jardin,0.5802306818181818,4.6,0.5882298185488829,士林
23 Music Room,0.509810465116279,4.6,0.5882298185488829,中山
7th Japanese Bar,0.5700291208791208,4.8,0.6338313479162506,中山
8528 Music Bar 不限時調酒暢飲,0.5651620689655172,4.6,0.5882298185488829,中山
85基地Bar,0.312471875,4.0,0.45142523044678007,中山
88 sports bar,0.4179549999999999,4.5,0.5654290538651993,中山
ABV Bar & Kitchen 日式居酒館 中山區居酒屋 中山站美食 大阪燒 廣島燒 宵夜 精釀啤酒 串燒炸物烤物,0.6063018518518518,4.6,0.5882298185488829,中山
Aimas talking bar ｜中山區夜深酒吧｜,0.7645636363636363,5.0,0.6794328772836183,中山
Arno bar,0.4413327586206896,4.8,0.6338313479162506,中山
A Train Leads The Way To Jazz,0.666314983713355,4.6,0.5882298185488829,中山
Authentic Bar小谷 -Bar Otani-【香水類不可】【正統酒吧】,0.4370502008032129,4.6,0.5882298185488829,中山
B52,0.2964086956521738,3.8,0.40582370107941235,中山
Bacchus Lounge Bar,0.5860865671641792,4.5,0.5654290538651993,中山
BAR1000,0.4799657894736842,4.7,0.611030583232567,中山
BAR ACE,0.4736416666666667,4.4,0.5426282891815154,中山
Bar Amis,0.5188193548387097,4.7,0.611030583232567,中山
Bar ansleep Taipei,0.4162129943502825,4.4,0.5426282891815154,中山
Bar Freedom,0.7057990384615385,4.7,0.611030583232567,中山
Bar Genao,0.5287647058823529,4.7,0.611030583232567,中山
BAR MOSAIC,0.6955337662337663,5.0,0.6794328772836183,中山
Bar Seed Taipei《調酒酒吧》中山區英式bar｜熱門｜深夜酒吧｜酒吧推薦｜氣氛酒吧｜捷運酒吧｜客製化調酒,0.6883148514851486,4.9,0.6566321125999347,中山
Bar Soft Cure,0.6562441176470587,4.9,0.6566321125999347,中山
Bar Vintage,0.5503833333333333,4.9,0.6566321125999347,中山
Bar VIP,0.5170055555555555,4.5,0.5654290538651993,中山
BAR 忠 Chu,0.5744049180327868,4.4,0.5426282891815154,中山
Bar 澤山,0.6018048192771085,4.9,0.6566321125999347,中山
Blush bar,0.6267122340425532,4.9,0.6566321125999347,中山
bochibochi bar,0.5124338461538461,4.3,0.5198275244978315,中山
Bridge,0.676175117370892,4.7,0.611030583232567,中山
Cheers,0.298,4.2,0.4970267598141478,中山
Cinnamon bar,0.5765366666666666,4.5,0.5654290538651993,中山
Clean Rose,0.574597794117647,4.8,0.6338313479162506,中山
Continue_ Gaming Bar電玩餐酒吧,0.6583461538461538,4.5,0.5654290538651993,中山
C PARK Re_Creation by A Train,0.6534748407643313,4.5,0.5654290538651993,中山
Dimple 酒窩 Bar,0.5923807692307692,4.7,0.611030583232567,中山
Eagle bar,0.3902230769230768,4.0,0.45142523044678007,中山
From A,0.7309765625,4.9,0.6566321125999347,中山
GDGaGa吉蒂卡卡酒吧,0.419105,4.2,0.4970267598141478,中山
Ginza Sakoh 銀座酒向,0.4549700440528634,4.1,0.4742259951304638,中山
Green Door Bar 綠門 老酒吧,0.4811853281853281,4.4,0.5426282891815154,中山
Hanes Singing Bar,0.5470923076923078,4.4,0.5426282891815154,中山
Honn Bar 酒吧,0.6789371428571428,4.7,0.611030583232567,中山
HW Lounge｜Bar｜Coffee｜電影主題調酒｜Cigar 獨立雪茄室,0.6596559633027523,4.7,0.611030583232567,中山
iSLA #612 _ 中山區酒吧・餐酒館 _ 原 Tropicana Bar,0.6502274285714287,4.8,0.6338313479162506,中山
J&J 複合式酒吧,-0.9642,2.0,-0.004590063226896535,中山
Join酒隱Lounge Bar,0.4650328125,4.6,0.5882298185488829,中山
Lady Darts 飛鏢_BAR_聚會_運動,0.6450807017543859,4.6,0.5882298185488829,中山
La Habana Bar,0.4893774647887324,4.4,0.5426282891815154,中山
La · Lune,0.4415625,4.4,0.5426282891815154,中山
La Salle 森酒吧,0.2895105263157895,4.7,0.611030583232567,中山
Leone Restaurant & Bar｜台北餐酒館 ｜酒吧｜ 餐廳 ｜餐酒館 ｜中山美食｜中山餐酒館｜ 林森北酒吧,0.6881468864468865,4.6,0.5882298185488829,中山
Lounge Vino,0.6494208955223881,4.9,0.6566321125999347,中山
Lux Terrace BAR 中山區 林森店,0.6016791666666667,4.4,0.5426282891815154,中山
Matt Bar,0.5410315789473684,4.4,0.5426282891815154,中山
Mingle Bar&Bistro,0.7206511111111111,4.8,0.6338313479162506,中山
Mini Base小喬室,0.5929442307692308,4.7,0.611030583232567,中山
Mirufi Bar,0.6012284848484848,4.7,0.611030583232567,中山
MUD Bar,0.5588990769230769,4.4,0.5426282891815154,中山
Nep. Lounge Bar,0.5684032679738562,4.4,0.5426282891815154,中山
Nine to Night Bar,0.4107833333333333,4.4,0.5426282891815154,中山
No.19 Bar,0.5548176470588235,4.7,0.611030583232567,中山
Oleno Bar（hiphop）林森店 ｜中山區 林森北路 chill vibes,0.5966891791044775,4.8,0.6338313479162506,中山
ONE 9 bar,0.4131333333333333,4.1,0.4742259951304638,中山
PATINA Lounge,0.6184582524271844,4.8,0.6338313479162506,中山
RK Darts Bar,0.4947416666666667,4.7,0.611030583232567,中山
SHOT 班,0.6271789473684211,4.8,0.6338313479162506,中山
Soshow Bar & Restaurant,0.717211575562701,4.5,0.5654290538651993,中山
Sugar Bar,0.4382952380952381,4.5,0.5654290538651993,中山
Super 346啤酒文創館,0.4421172413793103,4.6,0.5882298185488829,中山
Swing piano bar,0.56388,4.7,0.611030583232567,中山
TABOO CLUB,0.4964689075630251,4.2,0.4970267598141478,中山
The Herbal Bar 香草窗,0.6311352201257862,4.9,0.6566321125999347,中山
The Open Door,0.7139175438596491,5.0,0.6794328772836183,中山
The Pub,0.5229766169154229,4.4,0.5426282891815154,中山
Upsilon水煙調酒吧,0.7308530612244896,4.8,0.6338313479162506,中山
Via24 Bar,0.5347181818181818,4.6,0.5882298185488829,中山
VINDEX 雅粹 │ 中山門市-微醺概念Bar、葡萄酒專賣 (預約制),0.6819583333333333,4.8,0.6338313479162506,中山
Voice Long Play Bar 聲聲不息酒吧,0.6622175925925927,4.8,0.6338313479162506,中山
Waroom Bar 暖閣 彩虹 台北六條通酒吧,0.4961936842105262,4.5,0.5654290538651993,中山
Welina卡啦OK酒吧,0.6151233766233766,4.9,0.6566321125999347,中山
XXXLab 解憂吧 Cocktail Bar,0.5729916666666666,4.6,0.5882298185488829,中山
一時無酉 abvless （預約制 Reservation only）,0.6126459677419355,4.8,0.6338313479162506,中山
五號酒吧 No5 Bar,0.6830642857142857,4.9,0.6566321125999347,中山
台北中山意舍酒店,0.4815690510948905,4.3,0.5198275244978315,中山
噶瑪蘭威士忌酒吧,0.7018808219178082,4.7,0.611030583232567,中山
塵世酒吧 SENSE PUB,0.6385047297297298,4.7,0.611030583232567,中山
壹樓．臺北 1st. Floor Bar Taipei 壹樓酒吧．臺北壹號店,0.561888,4.6,0.5882298185488829,中山
大倉久和飯店 珍珠酒吧,0.425828409090909,4.2,0.4970267598141478,中山
小酒 sake bar,0.5280735294117648,4.7,0.611030583232567,中山
布娜飛小酒館中山店Bravocafe draftbeer,0.5402775167785235,4.6,0.5882298185488829,中山
布娜飛紅酒餐酒館Bravo Wine,0.6033036697247707,4.7,0.611030583232567,中山
干啦！ music bar,0.6569854166666667,5.0,0.6794328772836183,中山
微醺・中山 清酒餐酒館｜中山區餐酒館｜行天宮餐酒館｜中山區約會小酌聚餐｜中山區午晚餐宵夜推薦｜中山區午餐定食推薦,0.6373523809523809,4.6,0.5882298185488829,中山
微醺飛鏢酒吧｜台北中山區 條通酒吧,0.5788368421052631,5.0,0.6794328772836183,中山
心白,0.4878548387096774,4.3,0.5198275244978315,中山
找小山 BAR,0.5735033333333333,4.9,0.6566321125999347,中山
暖閣仕女飛鏢酒吧,0.4470065217391305,4.9,0.6566321125999347,中山
桂公子酒館,0.4866258555133079,4.4,0.5426282891815154,中山
桂公子酒館,0.4866258555133079,4.4,0.5426282891815154,中山
梵谷 Lounge Bar,0.4946416666666666,4.1,0.4742259951304638,中山
特區Pub,0.35312,4.0,0.45142523044678007,中山
當吧PAWN BAR,0.5635879781420764,4.5,0.5654290538651993,中山
石洞PUB(My Place),0.5815028571428571,4.6,0.5882298185488829,中山
碧耳貓 BeerCat,0.4299075471698113,4.1,0.4742259951304638,中山
秘室Chamber,0.6253857142857143,4.3,0.5198275244978315,中山
紙醉金迷 Relax Taipei,0.6672521739130435,4.9,0.6566321125999347,中山
老吧 Bar Aged,0.6642218905472637,4.8,0.6338313479162506,中山
臺日交流Cafe & Bar Kiseki,0.4860233009708738,4.3,0.5198275244978315,中山
莫內 Lounge bar,0.4873875,4.7,0.611030583232567,中山
藤 Restaurant & Bar,0.5582116666666668,4.6,0.5882298185488829,中山
說故事創義麵餐酒館-中山必去餐酒館_義大利麵_餐酒館推薦_聚餐餐廳_酒吧推薦_宵夜推薦_深夜酒吧,0.6859970370370371,4.9,0.6566321125999347,中山
達文西視覺酒吧 Da Vinci Lounge Bar,0.578792,4.7,0.611030583232567,中山
酒寨Bar,0.4687657142857143,4.4,0.5426282891815154,中山
酒點見talking bar,0.6035496296296295,5.0,0.6794328772836183,中山
釂JIAO Taipei【中山區水煙餐酒館】特色酒吧｜高級餐酒館｜人氣酒吧｜人氣調酒｜精緻酒吧,0.6497516339869281,5.0,0.6794328772836183,中山
飛喬 x 加州陽光 LiveMusic Bar 音樂酒館,0.5747347826086956,4.4,0.5426282891815154,中山
麗濱美式酒吧,0.3208018181818182,4.2,0.4970267598141478,中山
98 酒吧,0.2841549019607843,3.3,0.29181987766099327,萬華
Ark Taipei,0.5028276595744681,4.4,0.5426282891815154,萬華
AWT Bistro下班後餐酒館,0.7049191570881225,4.9,0.6566321125999347,萬華
Barchef Taipei _ 西門町酒吧 _ 水煙館 _ 咖哩飯｜台北推薦酒吧,0.6766081632653062,4.9,0.6566321125999347,萬華
Bar Stardust 星塵,0.5683509090909091,4.9,0.6566321125999347,萬華
BearJunkies熊飲（早午餐＆酒吧）,0.7489951754385964,4.8,0.6338313479162506,萬華
Chance Cafe & Bar 無心戒酒互助會 - 成都分會,0.6774700296735905,4.9,0.6566321125999347,萬華
Driftwood 西門町,0.6763647222222223,4.6,0.5882298185488829,萬華
Drunk Shelter Hanko 西門駐唱酒吧｜特色調酒｜live music｜live band 酒吧｜熱門｜人氣｜必訪｜現場音樂酒吧,0.6276201413427562,4.8,0.6338313479162506,萬華
DRUNK Taipei,0.5938464285714284,4.9,0.6566321125999347,萬華
G CLUB TAIPEI,0.5568190789473684,4.6,0.5882298185488829,萬華
Geography Bar&Restaurant 台灣環島調酒 Taiwan-inspired Cocktails,0.730821111111111,4.8,0.6338313479162506,萬華
HANKO 60 如醉如夢,0.6722997222222222,4.8,0.6338313479162506,萬華
HEY BRO Bar,0.6655937500000001,5.0,0.6794328772836183,萬華
kani kani cafe&bar餐酒館,0.6448136752136752,4.9,0.6566321125999347,萬華
Last Order 餐酒館,0.6549012903225806,4.6,0.5882298185488829,萬華
Locker Room,0.5685236486486486,4.6,0.5882298185488829,萬華
N.one BAR,0.5632276785714286,4.7,0.611030583232567,萬華
Nonsense Bar 無心戒酒互助會 - 武昌分會,0.6870667621776504,4.9,0.6566321125999347,萬華
PawBar,0.5783490706319703,4.9,0.6566321125999347,萬華
RayDarts.Taipei bar,0.6636126470588236,4.9,0.6566321125999347,萬華
RayDarts.Taipei bar,0.6636126470588236,4.9,0.6566321125999347,萬華
The 58 Bar,0.578669540229885,4.6,0.5882298185488829,萬華
THE BED Ximen,0.4725,4.9,0.6566321125999347,萬華
THE garden,0.4099984042553191,4.4,0.5426282891815154,萬華
THE HOLE mini bar,0.6155970000000001,5.0,0.6794328772836183,萬華
The park J,0.7069188775510205,5.0,0.6794328772836183,萬華
Westland Bar&Bistro｜深夜酒吧,0.6077258373205742,4.8,0.6338313479162506,萬華
Wishy Lounge Bar 慾室,0.6779245989304812,4.9,0.6566321125999347,萬華
冰茶專賣店 Iced Tea Shop,0.6411828571428573,4.8,0.6338313479162506,萬華
尖叫 雞翅 Wings & Fries 雞翅酒吧 _ 雞翅吃到飽｜西門餐酒館｜Chicken Wings Beer Bar,0.6647232323232324,5.0,0.6794328772836183,萬華
巧軒飲室 CH Draft Room ｜Coffee&Ccocktail BAR｜咖啡廳｜酒吧｜手沖咖啡｜雞尾酒｜無酒精調飲｜啤酒｜私廚｜活動包場｜,0.6145479166666666,4.9,0.6566321125999347,萬華
巷內酒吧 x 酒 鬼煙醉,0.6568294701986755,4.9,0.6566321125999347,萬華
灰色可樂 創始店(NO.1)Grey Cola Bar,0.4982288590604026,4.9,0.6566321125999347,萬華
烏托邦 Utopia Taipei,0.4546852272727273,4.6,0.5882298185488829,萬華
無名Bar,0.6265126482213439,4.9,0.6566321125999347,萬華
無向 Bar Without Ximen,0.6312645161290323,4.9,0.6566321125999347,萬華
燈亮有酒 Light Up Bar 【試營運】【西門．萬華】(酒吧，酒吧推薦，特色酒吧，平價酒吧，調酒),0.6824690909090909,4.9,0.6566321125999347,萬華
竹Ta.ke 九龍灣會館 kowloonbay Shisha,0.79715,4.8,0.6338313479162506,萬華
老城西。酒食製作所,0.7161831275720163,4.9,0.6566321125999347,萬華
解鎖 JOYSOUL Bar,0.6465524390243902,4.8,0.6338313479162506,萬華
追夢人DISCO｜西門,0.558456393442623,4.9,0.6566321125999347,萬華
酒咖飲冰室 JIU KA Bistro & Bar,0.7056380281690141,4.8,0.6338313479162506,萬華
酒肆西門 Ximen Beer Bar - 西門町酒吧 ｜台北酒吧推薦 Taipei Bar _ Craft Beer _ Whisky _ Shochu _ Cider,0.49317,4.8,0.6338313479162506,萬華
23 Public _ Craft Beer 精釀吧,0.5821409090909091,4.5,0.5654290538651993,大安
85 Lounge,0.3963637037037037,4.4,0.5426282891815154,大安
ABV Bar & Kitchen 加勒比海餐酒館 台北忠孝店 大安區美食 大安區餐酒館 異國料理烤肉｜中南美洲菜｜聚餐宵夜包場｜精釀啤酒餐廳,0.6900193732193733,4.6,0.5882298185488829,大安
ABV Bar & Kitchen 南洋餐酒館 台北國館店 早午餐 大安區餐酒館｜東南亞菜 泰國料理 越南料理 菲律賓菜 馬來西亞菜 新加坡菜 聚餐包場推薦餐廳,0.6427789473684211,4.8,0.6338313479162506,大安
ABV Bar & Kitchen 地中海餐酒館 台北創始店 大安區餐酒館 國父紀念美食｜地中海料理 精釀啤 酒 聚餐約會宵夜美食,0.6170137535816619,4.5,0.5654290538651993,大安
ABV Bar & Kitchen美式餐酒館 台北敦化店 美式烤肉BBQ｜大安區美食餐酒館｜鄉村菜｜精釀啤 酒｜聚餐約會宵夜美食,0.6396126506024097,4.7,0.611030583232567,大安
AKA Artland,0.6176132075471699,4.7,0.611030583232567,大安
Al Darts,0.3616718309859155,4.5,0.5654290538651993,大安
AQUA Lounge,0.6610038461538461,4.8,0.6338313479162506,大安
B612 Restaurant &Bar _餐酒館_酒吧_餐廳_,0.7869678111587982,4.7,0.611030583232567,大安
Barcade Taiwan,0.6822378600823045,4.7,0.611030583232567,大安
Bar Crouch & Hide 臥藏,0.6734933333333334,4.8,0.6338313479162506,大安
Bar Digout,0.5008975177304964,4.4,0.5426282891815154,大安
Bar Mood Taipei 吧沐,0.6841757925072046,4.4,0.5426282891815154,大安
Bar NyxU 夜人,0.588534375,5.0,0.6794328772836183,大安
Bar Pine松,0.6544970588235294,4.4,0.5426282891815154,大安
Bar Root by -1,0.5389355450236967,4.4,0.5426282891815154,大安
BARTWO【大安區六張犁人氣酒吧】特色調酒｜人氣平價餐酒館｜包場,0.6811222672064776,4.8,0.6338313479162506,大安
Bar Way Home,0.7041227513227514,4.8,0.6338313479162506,大安
Bar Weekend,0.6474120967741935,4.6,0.5882298185488829,大安
BAR宮,0.6397208661417323,4.8,0.6338313479162506,大安
Book ing 東區店｜東區推薦酒吧、聚餐、約會餐酒館,0.80297,4.8,0.6338313479162506,大安
D.Beer居吧-大安深夜酒吧_放鬆酒吧_人氣酒吧_聚餐餐廳_酒吧首選_熱門酒吧_必吃餐酒館_首選餐酒館,0.6356740740740741,5.0,0.6794328772836183,大安
Draft Land,0.5722189759036145,4.6,0.5882298185488829,大安
EAST END,0.6095545454545455,4.4,0.5426282891815154,大安
Fourplay Cuisine,0.6415770588235294,4.3,0.5198275244978315,大安
Gravity 磁場,0.6111269058295964,4.8,0.6338313479162506,大安
Hackers Bar H4CK3R 駭 客餐酒館 _ 推薦餐酒館 _ 東區特色調酒餐廳 _ 酒吧 _ 大安區 _ 國父紀念館 _ 大巨蛋,0.6513409090909091,5.0,0.6794328772836183,大安
HOKY's Spirit Bar,0.46935625,4.5,0.5654290538651993,大安
INDULGE Bistro (實驗創新餐酒館),0.748877077363897,4.5,0.5654290538651993,大安
Intention,0.7993644444444445,4.9,0.6566321125999347,大安
Joiny Taipei 招台北餐酒館,0.7008979094076654,4.9,0.6566321125999347,大安
J's Place 輕鬆小酒吧,0.6428940828402367,4.6,0.5882298185488829,大安
J WOW Cafe_Bistro,0.6534303030303031,4.7,0.611030583232567,大安
Karen 大安店,0.4007711538461538,4.4,0.5426282891815154,大安
Kashoku,0.4979688405797101,4.5,0.5654290538651993,大安
Kondo bar,0.5879751937984496,4.8,0.6338313479162506,大安
KOR Taipei,0.6410169444444445,4.6,0.5882298185488829,大安
Le Chamber 餐酒館,0.7659986842105263,4.8,0.6338313479162506,大安
Libido Wine Gallery-大安放鬆酒吧_朋友小聚_葡萄酒吧_特色酒吧_葡萄酒館_紅酒酒館,0.5948342105263157,4.7,0.611030583232567,大安
MADE Taipei-東區人氣酒吧_cp酒吧_必去酒吧_忠孝復興人氣酒吧_特色酒吧_熱門酒吧_餐酒館,0.7292443902439023,4.6,0.5882298185488829,大安
MADE Taipei-東區人氣酒吧_cp酒吧_必去酒吧_忠孝復興人氣酒吧_特色酒吧_熱門酒吧_餐酒館,0.7292443902439023,4.6,0.5882298185488829,大安
MANIA 躁鎮,0.4764830917874396,4.4,0.5426282891815154,大安
Mellow Bar & Restaurant,0.6888374074074075,4.8,0.6338313479162506,大安
Metro23 Taipei,0.642475816993464,4.6,0.5882298185488829,大安
Mirror Lounge,0.3873165957446808,4.2,0.4970267598141478,大安
MOD 摩得餐坊,0.4003013274336284,4.2,0.4970267598141478,大安
MONO MONO,0.5976878378378379,4.7,0.611030583232567,大安
MUIM Taipei 放感情｜ 大安餐酒館推薦 人氣DJ酒吧 網美餐廳 酒吧 活動派對 生日包場 企業包場餐酒館,0.6527584795321637,4.8,0.6338313479162506,大安
MUU bar 水煙 Shisha 酒吧,0.6360324786324787,4.9,0.6566321125999347,大安
ND.Official Nadarrach,0.6835335570469798,4.7,0.611030583232567,大安
Needle Bar,0.6478228395061727,4.6,0.5882298185488829,大安
Neverland Bar｜台北複合式酒吧｜大安區｜美味餐點_各式調酒｜啤酒買二送一｜開放式包廂｜飛鏢｜桌遊｜唱歌｜包場｜活動 _ 生日招待,0.7954478260869565,5.0,0.6794328772836183,大安
Nox Taipei,0.4768119718309858,4.5,0.5654290538651993,大安
nul taipei,0.6456524038461539,4.1,0.4742259951304638,大安
OAK,0.6447109311740892,4.7,0.611030583232567,大安
ocean live house _ 古亭酒吧 ｜大安區酒吧,0.6030870967741936,4.7,0.611030583232567,大安
ON TAP,0.5585738888888889,4.2,0.4970267598141478,大安
OriginBAR 初 ｜大安餐酒館 東區酒吧 法式小酒館 茶酒,0.7317439306358382,4.9,0.6566321125999347,大安
OriginBAR 序 ｜大安餐酒館 商務餐廳 酒吧 活動派對 生日包場,0.7054761565836299,4.9,0.6566321125999347,大安
Ounce,0.5563348837209302,4.5,0.5654290538651993,大安
pm wine to chill,0.6561625000000001,4.9,0.6566321125999347,大安
Posino Taipei,0.704315,5.0,0.6794328772836183,大安
Potions Magic Bar魔藥學餐酒館,0.6885555205047319,4.7,0.611030583232567,大安
PUN,0.6640151006711409,4.5,0.5654290538651993,大安
Q9 LOUNGE BAR,0.4279638655462184,4.8,0.6338313479162506,大安
Red Room Rendezvous 紅房餐酒館,0.7780439775910365,4.8,0.6338313479162506,大安
Relax Jazz Pub,0.2808038461538462,3.5,0.3374214070283609,大安
ROOM by Le Kief,0.5065863636363637,4.3,0.5198275244978315,大安
Say Yo Bar 平價甜點酒吧_不限時_500暢飲_可帶外食,0.7642257731958763,5.0,0.6794328772836183,大安
SELF 私室 aka.最孤獨的小酒館,0.529731746031746,4.5,0.5654290538651993,大安
Shaka Lounge Bar,0.5502570621468926,4.4,0.5426282891815154,大安
Shotia,0.5842391304347826,4.3,0.5198275244978315,大安
Sidebar,0.6250864768683273,4.6,0.5882298185488829,大安
TaiPak Bar & Bistro｜Meal and cocktail design inspired by Taipei's culture and history,0.644525,4.7,0.611030583232567,大安
Terminal One - TPE _ 東區餐酒館 ｜ 航空主題酒吧 ｜,0.6498550675675675,4.7,0.611030583232567,大安
The Public House,0.6428598684210526,4.5,0.5654290538651993,大安
The Scent 餐酒館_Since 2012_Infused Highball_KTV包廂,0.5995688172043011,4.5,0.5654290538651993,大安
The Speakeasy Bar,0.5597072072072072,4.5,0.5654290538651993,大安
The Tavernist,0.6675513353115727,4.4,0.5426282891815154,大安
Tickle my fantasy,0.2522658823529412,3.1,0.24621834829362566,大安
To Infinity & Beyond,0.596103404255319,4.5,0.5654290538651993,大安
Tonight Bistro．餐酒館 _ 創意料理 _ 特色調酒 _ 台北大安人氣BAR _ 東區必去酒吧 _ 宵夜 _,0.5818841328413284,4.8,0.6338313479162506,大安
Trio 三重奏,0.6309891472868218,4.4,0.5426282891815154,大安
Twilight 餐酒館｜大安區酒吧｜信義安和酒吧｜,0.7097382488479262,4.8,0.6338313479162506,大安
unDer lab,0.6254313725490196,4.6,0.5882298185488829,大安
WA-SHU 和酒,0.5621614705882353,4.5,0.5654290538651993,大安
Zoo KeepeR,0.7076686746987951,4.9,0.6566321125999347,大安
Zoom Inn Bar&Dining｜大安區酒吧推薦 企業包場 六張犁最美酒吧,0.7195483253588517,5.0,0.6794328772836183,大安
丘香Sake bar,0.6638304635761588,4.7,0.611030583232567,大安
你覺得呢餐酒館,0.7232619596541787,4.9,0.6566321125999347,大安
侶人 x【Bar】亂調,0.4932185714285714,4.6,0.5882298185488829,大安
去斯萬家 chez Swann by Jumi Tavern,0.81125,4.7,0.611030583232567,大安
啜飲室 大安,0.6995754189944133,4.6,0.5882298185488829,大安
墨子｜Mozi bar-東區深夜酒吧_專業調酒_人氣酒吧_酒吧首選_熱門酒吧_網美餐酒館_Taipei bar,0.5351426966292135,4.3,0.5198275244978315,大安
夜色Talking Bar,0.676851304347826,5.0,0.6794328772836183,大安
寓曰 Cafe’ Bar Restaurant,0.7341349514563108,4.8,0.6338313479162506,大安
小酩Sake Bar,0.7269270000000002,4.9,0.6566321125999347,大安
島Dau,0.6064567708333333,4.6,0.5882298185488829,大安
拉薇酒坊,0.48262,4.7,0.611030583232567,大安
放感情 Silk Road 絲路 _ 台北大安餐酒館 大安水煙酒吧 異國風情酒吧 BAR 人氣美食 宵夜美食餐廳 大安必吃美食推薦 約會聚餐,0.6420205714285714,4.7,0.611030583232567,大安
晃 Akira,0.6265123376623377,4.6,0.5882298185488829,大安
曜日義式餐酒館,0.7256257383966247,4.3,0.5198275244978315,大安
無向 Bar Without Anhe,0.6163479838709677,4.6,0.5882298185488829,大安
爛泥 oozebar_taipei,0.6029777777777778,4.5,0.5654290538651993,大安
福昊室 FullHouse,0.6805737704918032,4.8,0.6338313479162506,大安
米蓮娜茶餐酒吧,0.6287657777777779,4.7,0.611030583232567,大安
自己開《Drive yourself》中式古風酒吧｜東區酒吧｜延吉街酒吧｜深夜酒吧,0.5692493243243243,4.6,0.5882298185488829,大安
西班牙大眾酒場,0.5765465517241379,4.4,0.5426282891815154,大安
說吧 Dime Tapas & Wine Bar,0.6585551136363637,4.8,0.6338313479162506,大安
醉好 Another Round,0.6305928143712575,4.8,0.6338313479162506,大安
閣樓放感情 l 大安餐酒館 人氣美食 酒吧推薦 調酒 BAR 網美必吃 公司聚餐 宵夜美食餐廳 聚餐聚會酒吧,0.6350634551495016,4.8,0.6338313479162506,大安
防空洞｜庇護所-Bar,0.5816551282051282,4.7,0.611030583232567,大安
隱城•小城外Hidden City,0.6128676829268292,4.6,0.5882298185488829,大安
離城放感情 _ 大安六張犁餐酒館 調酒BAR 人氣美食 老宅酒吧 特色酒吧推薦 網美餐酒館 寵物友善 深夜美食 熱門約會景點餐廳 巷弄酒吧 放感情,0.6704793918918919,4.8,0.6338313479162506,大安
難得糊塗,0.5696026666666666,4.5,0.5654290538651993,大安
